{
  "roots": [
    "quad_mk1"
  ],
  "packages": [
    {
      "name": "quad_mk1",
      "version": "1.0.0+1",
      "dependencies": [
        "cupertino_icons",
        "flutter",
        "provider"
      ],
      "devDependencies": [
        "flutter_lints",
        "flutter_test"
      ]
    },
    {
      "name": "flutter_lints",
      "version": "5.0.0",
      "dependencies": [
        "lints"
      ]
    },
    {
      "name": "flutter_test",
      "version": "0.0.0",
      "dependencies": [
        "async",
        "boolean_selector",
        "characters",
        "clock",
        "collection",
        "fake_async",
        "flutter",
        "leak_tracker",
        "leak_tracker_flutter_testing",
        "leak_tracker_testing",
        "matcher",
        "material_color_utilities",
        "meta",
        "path",
        "source_span",
        "stack_trace",
        "stream_channel",
        "string_scanner",
        "term_glyph",
        "test_api",
        "vector_math",
        "vm_service"
      ]
    },
    {
      "name": "cupertino_icons",
      "version": "1.0.8",
      "dependencies": []
    },
    {
      "name": "provider",
      "version": "6.1.5",
      "dependencies": [
        "collection",
        "flutter",
        "nested"
      ]
    },
    {
      "name": "flutter",
      "version": "0.0.0",
      "dependencies": [
        "characters",
        "collection",
        "material_color_utilities",
        "meta",
        "sky_engine",
        "vector_math"
      ]
    },
    {
      "name": "lints",
      "version": "5.1.1",
      "dependencies": []
    },
    {
      "name": "vm_service",
      "version": "15.0.0",
      "dependencies": []
    },
    {
      "name": "term_glyph",
      "version": "1.2.2",
      "dependencies": []
    },
    {
      "name": "string_scanner",
      "version": "1.4.1",
      "dependencies": [
        "source_span"
      ]
    },
    {
      "name": "stream_channel",
      "version": "2.1.4",
      "dependencies": [
        "async"
      ]
    },
    {
      "name": "source_span",
      "version": "1.10.1",
      "dependencies": [
        "collection",
        "path",
        "term_glyph"
      ]
    },
    {
      "name": "meta",
      "version": "1.16.0",
      "dependencies": []
    },
    {
      "name": "material_color_utilities",
      "version": "0.11.1",
      "dependencies": [
        "collection"
      ]
    },
    {
      "name": "leak_tracker_testing",
      "version": "3.0.1",
      "dependencies": [
        "leak_tracker",
        "matcher",
        "meta"
      ]
    },
    {
      "name": "leak_tracker",
      "version": "10.0.9",
      "dependencies": [
        "clock",
        "collection",
        "meta",
        "path",
        "vm_service"
      ]
    },
    {
      "name": "collection",
      "version": "1.19.1",
      "dependencies": []
    },
    {
      "name": "characters",
      "version": "1.4.0",
      "dependencies": []
    },
    {
      "name": "boolean_selector",
      "version": "2.1.2",
      "dependencies": [
        "source_span",
        "string_scanner"
      ]
    },
    {
      "name": "async",
      "version": "2.13.0",
      "dependencies": [
        "collection",
        "meta"
      ]
    },
    {
      "name": "leak_tracker_flutter_testing",
      "version": "3.0.9",
      "dependencies": [
        "flutter",
        "leak_tracker",
        "leak_tracker_testing",
        "matcher",
        "meta"
      ]
    },
    {
      "name": "vector_math",
      "version": "2.1.4",
      "dependencies": []
    },
    {
      "name": "stack_trace",
      "version": "1.12.1",
      "dependencies": [
        "path"
      ]
    },
    {
      "name": "clock",
      "version": "1.1.2",
      "dependencies": []
    },
    {
      "name": "fake_async",
      "version": "1.3.3",
      "dependencies": [
        "clock",
        "collection"
      ]
    },
    {
      "name": "path",
      "version": "1.9.1",
      "dependencies": []
    },
    {
      "name": "matcher",
      "version": "0.12.17",
      "dependencies": [
        "async",
        "meta",
        "stack_trace",
        "term_glyph",
        "test_api"
      ]
    },
    {
      "name": "test_api",
      "version": "0.7.4",
      "dependencies": [
        "async",
        "boolean_selector",
        "collection",
        "meta",
        "source_span",
        "stack_trace",
        "stream_channel",
        "string_scanner",
        "term_glyph"
      ]
    },
    {
      "name": "nested",
      "version": "1.0.0",
      "dependencies": [
        "flutter"
      ]
    },
    {
      "name": "sky_engine",
      "version": "0.0.0",
      "dependencies": []
    }
  ],
  "configVersion": 1
}