{
  "configVersion": 2,
  "packages": [
    {
      "name": "async",
      "rootUri": "file:///C:/Users/Krishna/AppData/Local/Pub/Cache/hosted/pub.dev/async-2.13.0",
      "packageUri": "lib/",
      "languageVersion": "3.4"
    },
    {
      "name": "boolean_selector",
      "rootUri": "file:///C:/Users/Krishna/AppData/Local/Pub/Cache/hosted/pub.dev/boolean_selector-2.1.2",
      "packageUri": "lib/",
      "languageVersion": "3.1"
    },
    {
      "name": "characters",
      "rootUri": "file:///C:/Users/Krishna/AppData/Local/Pub/Cache/hosted/pub.dev/characters-1.4.0",
      "packageUri": "lib/",
      "languageVersion": "3.4"
    },
    {
      "name": "clock",
      "rootUri": "file:///C:/Users/Krishna/AppData/Local/Pub/Cache/hosted/pub.dev/clock-1.1.2",
      "packageUri": "lib/",
      "languageVersion": "3.4"
    },
    {
      "name": "collection",
      "rootUri": "file:///C:/Users/Krishna/AppData/Local/Pub/Cache/hosted/pub.dev/collection-1.19.1",
      "packageUri": "lib/",
      "languageVersion": "3.4"
    },
    {
      "name": "cupertino_icons",
      "rootUri": "file:///C:/Users/Krishna/AppData/Local/Pub/Cache/hosted/pub.dev/cupertino_icons-1.0.8",
      "packageUri": "lib/",
      "languageVersion": "3.1"
    },
    {
      "name": "fake_async",
      "rootUri": "file:///C:/Users/Krishna/AppData/Local/Pub/Cache/hosted/pub.dev/fake_async-1.3.3",
      "packageUri": "lib/",
      "languageVersion": "3.3"
    },
    {
      "name": "flutter",
      "rootUri": "file:///C:/flutter/packages/flutter",
      "packageUri": "lib/",
      "languageVersion": "3.7"
    },
    {
      "name": "flutter_lints",
      "rootUri": "file:///C:/Users/Krishna/AppData/Local/Pub/Cache/hosted/pub.dev/flutter_lints-5.0.0",
      "packageUri": "lib/",
      "languageVersion": "3.5"
    },
    {
      "name": "flutter_test",
      "rootUri": "file:///C:/flutter/packages/flutter_test",
      "packageUri": "lib/",
      "languageVersion": "3.7"
    },
    {
      "name": "leak_tracker",
      "rootUri": "file:///C:/Users/Krishna/AppData/Local/Pub/Cache/hosted/pub.dev/leak_tracker-10.0.9",
      "packageUri": "lib/",
      "languageVersion": "3.2"
    },
    {
      "name": "leak_tracker_flutter_testing",
      "rootUri": "file:///C:/Users/Krishna/AppData/Local/Pub/Cache/hosted/pub.dev/leak_tracker_flutter_testing-3.0.9",
      "packageUri": "lib/",
      "languageVersion": "3.2"
    },
    {
      "name": "leak_tracker_testing",
      "rootUri": "file:///C:/Users/Krishna/AppData/Local/Pub/Cache/hosted/pub.dev/leak_tracker_testing-3.0.1",
      "packageUri": "lib/",
      "languageVersion": "3.2"
    },
    {
      "name": "lints",
      "rootUri": "file:///C:/Users/Krishna/AppData/Local/Pub/Cache/hosted/pub.dev/lints-5.1.1",
      "packageUri": "lib/",
      "languageVersion": "3.6"
    },
    {
      "name": "matcher",
      "rootUri": "file:///C:/Users/Krishna/AppData/Local/Pub/Cache/hosted/pub.dev/matcher-0.12.17",
      "packageUri": "lib/",
      "languageVersion": "3.4"
    },
    {
      "name": "material_color_utilities",
      "rootUri": "file:///C:/Users/Krishna/AppData/Local/Pub/Cache/hosted/pub.dev/material_color_utilities-0.11.1",
      "packageUri": "lib/",
      "languageVersion": "2.17"
    },
    {
      "name": "meta",
      "rootUri": "file:///C:/Users/Krishna/AppData/Local/Pub/Cache/hosted/pub.dev/meta-1.16.0",
      "packageUri": "lib/",
      "languageVersion": "2.12"
    },
    {
      "name": "nested",
      "rootUri": "file:///C:/Users/Krishna/AppData/Local/Pub/Cache/hosted/pub.dev/nested-1.0.0",
      "packageUri": "lib/",
      "languageVersion": "2.12"
    },
    {
      "name": "path",
      "rootUri": "file:///C:/Users/Krishna/AppData/Local/Pub/Cache/hosted/pub.dev/path-1.9.1",
      "packageUri": "lib/",
      "languageVersion": "3.4"
    },
    {
      "name": "provider",
      "rootUri": "file:///C:/Users/Krishna/AppData/Local/Pub/Cache/hosted/pub.dev/provider-6.1.5",
      "packageUri": "lib/",
      "languageVersion": "2.12"
    },
    {
      "name": "sky_engine",
      "rootUri": "file:///C:/flutter/bin/cache/pkg/sky_engine",
      "packageUri": "lib/",
      "languageVersion": "3.7"
    },
    {
      "name": "source_span",
      "rootUri": "file:///C:/Users/Krishna/AppData/Local/Pub/Cache/hosted/pub.dev/source_span-1.10.1",
      "packageUri": "lib/",
      "languageVersion": "3.1"
    },
    {
      "name": "stack_trace",
      "rootUri": "file:///C:/Users/Krishna/AppData/Local/Pub/Cache/hosted/pub.dev/stack_trace-1.12.1",
      "packageUri": "lib/",
      "languageVersion": "3.4"
    },
    {
      "name": "stream_channel",
      "rootUri": "file:///C:/Users/Krishna/AppData/Local/Pub/Cache/hosted/pub.dev/stream_channel-2.1.4",
      "packageUri": "lib/",
      "languageVersion": "3.3"
    },
    {
      "name": "string_scanner",
      "rootUri": "file:///C:/Users/Krishna/AppData/Local/Pub/Cache/hosted/pub.dev/string_scanner-1.4.1",
      "packageUri": "lib/",
      "languageVersion": "3.1"
    },
    {
      "name": "term_glyph",
      "rootUri": "file:///C:/Users/Krishna/AppData/Local/Pub/Cache/hosted/pub.dev/term_glyph-1.2.2",
      "packageUri": "lib/",
      "languageVersion": "3.1"
    },
    {
      "name": "test_api",
      "rootUri": "file:///C:/Users/Krishna/AppData/Local/Pub/Cache/hosted/pub.dev/test_api-0.7.4",
      "packageUri": "lib/",
      "languageVersion": "3.5"
    },
    {
      "name": "vector_math",
      "rootUri": "file:///C:/Users/Krishna/AppData/Local/Pub/Cache/hosted/pub.dev/vector_math-2.1.4",
      "packageUri": "lib/",
      "languageVersion": "2.14"
    },
    {
      "name": "vm_service",
      "rootUri": "file:///C:/Users/Krishna/AppData/Local/Pub/Cache/hosted/pub.dev/vm_service-15.0.0",
      "packageUri": "lib/",
      "languageVersion": "3.3"
    },
    {
      "name": "quad_mk1",
      "rootUri": "../",
      "packageUri": "lib/",
      "languageVersion": "3.8"
    }
  ],
  "generator": "pub",
  "generatorVersion": "3.8.1",
  "flutterRoot": "file:///C:/flutter",
  "flutterVersion": "3.32.5",
  "pubCache": "file:///C:/Users/Krishna/AppData/Local/Pub/Cache"
}
