<?xml version="1.0" encoding="UTF-8"?>
<project version="4">
  <component name="FileEditorManager">
    <leaf>
      <file leaf-file-name="main.dart" pinned="false" current-in-tab="true">
        <entry file="file://$PROJECT_DIR$/lib/main.dart">
          <provider selected="true" editor-type-id="text-editor">
            <state relative-caret-position="0">
              <caret line="0" column="0" lean-forward="false" selection-start-line="0" selection-start-column="0" selection-end-line="0" selection-end-column="0" />
            </state>
          </provider>
        </entry>
      </file>
    </leaf>
  </component>
  <component name="ToolWindowManager">
    <editor active="true" />
    <layout>
      <window_info id="Project" active="false" anchor="left" auto_hide="false" internal_type="DOCKED" type="DOCKED" visible="true" show_stripe_button="true" weight="0.25" sideWeight="0.5" order="0" side_tool="false" content_ui="combo" />
    </layout>
  </component>
  <component name="ProjectView">
    <navigator currentView="ProjectPane" proportions="" version="1">
    </navigator>
    <panes>
      <pane id="ProjectPane">
        <option name="show-excluded-files" value="false" />
      </pane>
    </panes>
  </component>
  <component name="PropertiesComponent">
    <property name="last_opened_file_path" value="$PROJECT_DIR$" />
    <property name="dart.analysis.tool.window.force.activate" value="true" />
    <property name="show.migrate.to.gradle.popup" value="false" />
  </component>
</project>
